{
  "project_info": {
    "project_number": "817390151191",
    "project_id": "watch-d1571",
    "storage_bucket": "watch-d1571.appspot.com"
  },
  "client": [
    {
      "client_info": {
        "mobilesdk_app_id": "1:817390151191:android:0e7a67b7bd23cebcbd9e52",
        "android_client_info": {
          "package_name": "com.vtf.pqp_v13"
        }
      },
      "oauth_client": [
        {
          "client_id": "817390151191-tpic4oqqsjvu3haijqpcjll80eh0c686.apps.googleusercontent.com",
          "client_type": 3
        }
      ],
      "api_key": [
        {
          "current_key": "AIzaSyABQw2MoLEAVwaeAOf1av4x7UPIVnhm9ns"
        }
      ],
      "services": {
        "appinvite_service": {
          "other_platform_oauth_client": [
            {
              "client_id": "817390151191-tpic4oqqsjvu3haijqpcjll80eh0c686.apps.googleusercontent.com",
              "client_type": 3
            }
          ]
        }
      }
    }
  ],
  "configuration_version": "1"
}